{
    "root_group": {
        "name": "",
        "path": "",
        "id": "d41d8cd98f00b204e9800998ecf8427e",
        "groups": {},
        "checks": {
                "login 200": {
                    "name": "login 200",
                    "path": "::login 200",
                    "id": "48b06dc5cde7f6ebb606ad7da726a2a5",
                    "passes": 30,
                    "fails": 0
                }
            }
    },
    "metrics": {
        "http_req_waiting": {
            "min": 0,
            "med": 128.65054,
            "max": 2007.192938,
            "p(90)": 219.5699995,
            "p(95)": 279.0909165,
            "avg": 161.78748896113873
        },
        "data_sent": {
            "count": 1833187,
            "rate": 6589.84453415293
        },
        "http_req_duration{name:search_posts}": {
            "min": 0,
            "med": 126.7729585,
            "max": 1677.70539,
            "p(90)": 219.28816210000005,
            "p(95)": 280.1913128499998,
            "avg": 154.81935597254002,
            "thresholds": {
                "p(95)<800": false
            }
        },
        "http_req_receiving": {
            "avg": 0.1434627611839133,
            "min": 0,
            "med": 0.13928849999999998,
            "max": 2.685091,
            "p(90)": 0.18941799999999998,
            "p(95)": 0.209263
        },
        "iterations": {
            "count": 4396,
            "rate": 15.802510366992719
        },
        "http_req_duration{name:search_all}": {
            "avg": 152.06174956606597,
            "min": 0,
            "med": 128.48013450000002,
            "max": 2007.466413,
            "p(90)": 212.8883049,
            "p(95)": 255.5728937,
            "thresholds": {
                "p(95)<800": false
            }
        },
        "http_req_duration{expected_response:true}": {
            "p(95)": 280.817406,
            "avg": 165.94114557463547,
            "min": 0.11166,
            "med": 130.296623,
            "max": 2007.466413,
            "p(90)": 220.808725
        },
        "data_received": {
            "count": 2263502,
            "rate": 8136.718339560681
        },
        "checks": {
            "passes": 30,
            "fails": 0,
            "value": 1
        },
        "http_req_duration{name:search_worklogs}": {
            "avg": 165.82051946736587,
            "min": 0,
            "med": 130.5466715,
            "max": 1704.225825,
            "p(90)": 221.54367670000008,
            "p(95)": 275.06220219999994,
            "thresholds": {
                "p(95)<800": false
            }
        },
        "http_reqs": {
            "rate": 15.910352794428974,
            "count": 4426
        },
        "http_req_sending": {
            "min": 0,
            "med": 0.06628,
            "max": 1.011564,
            "p(90)": 0.1055785,
            "p(95)": 0.11889575,
            "avg": 0.07349699615906005
        },
        "http_req_tls_handshaking": {
            "p(90)": 0,
            "p(95)": 0,
            "avg": 0,
            "min": 0,
            "med": 0,
            "max": 0
        },
        "http_req_blocked": {
            "max": 19587.162552,
            "p(90)": 2.117918,
            "p(95)": 2.4814212500000004,
            "avg": 168.51271538612727,
            "min": 0,
            "med": 1.5647894999999998
        },
        "vus": {
            "value": 1,
            "min": 1,
            "max": 30
        },
        "vus_max": {
            "value": 30,
            "min": 30,
            "max": 30
        },
        "iteration_duration": {
            "avg": 2070.2589631062283,
            "min": 612.210844,
            "med": 1175.8712285000001,
            "max": 31476.78228,
            "p(90)": 1588.6434629999999,
            "p(95)": 1744.81241675
        },
        "http_req_failed": {
            "passes": 105,
            "fails": 4321,
            "thresholds": {
                "rate<0.01": true
            },
            "value": 0.023723452327157703
        },
        "http_req_duration": {
            "p(95)": 279.34970625,
            "avg": 162.00444871848165,
            "min": 0,
            "med": 128.842809,
            "max": 2007.466413,
            "p(90)": 219.7632605
        },
        "http_req_connecting": {
            "avg": 166.66658395684593,
            "min": -3272.057689,
            "med": 1.467091,
            "max": 19587.067606,
            "p(90)": 2.0003285,
            "p(95)": 2.3372005
        }
    }
}