{
    "root_group": {
        "name": "",
        "path": "",
        "id": "d41d8cd98f00b204e9800998ecf8427e",
        "groups": {},
        "checks": {
                "login 200": {
                    "name": "login 200",
                    "path": "::login 200",
                    "id": "48b06dc5cde7f6ebb606ad7da726a2a5",
                    "passes": 60,
                    "fails": 0
                }
            }
    },
    "metrics": {
        "iteration_duration": {
            "med": 1324.69699,
            "max": 31484.426741,
            "p(90)": 1889.0832151000002,
            "p(95)": 2287.5267360499943,
            "avg": 2047.9307682480323,
            "min": 604.317564
        },
        "http_req_connecting": {
            "min": -4351.152854,
            "med": 1.5118084999999999,
            "max": 19412.577199,
            "p(90)": 2.3644928000000003,
            "p(95)": 3.4494467999999987,
            "avg": 121.70751901251397
        },
        "http_req_receiving": {
            "avg": 0.13448758536312888,
            "min": 0,
            "med": 0.1264135,
            "max": 3.398959,
            "p(90)": 0.1854455,
            "p(95)": 0.2092451
        },
        "iterations": {
            "count": 8890,
            "rate": 31.414204304568905
        },
        "http_req_blocked": {
            "p(90)": 2.4719563,
            "p(95)": 3.595288799999995,
            "avg": 122.27553115072708,
            "min": 0,
            "med": 1.5936430000000001,
            "max": 19412.62687
        },
        "http_req_duration{name:search_worklogs}": {
            "avg": 334.6028746209584,
            "min": 0,
            "med": 239.224274,
            "max": 3596.522918,
            "p(90)": 621.4033735,
            "p(95)": 884.3240487999986,
            "thresholds": {
                "p(95)<800": true
            }
        },
        "http_reqs": {
            "count": 8950,
            "rate": 31.626223681202667
        },
        "vus": {
            "value": 2,
            "min": 2,
            "max": 60
        },
        "http_req_duration": {
            "p(95)": 891.1722808999992,
            "avg": 343.06128777273733,
            "min": 0,
            "med": 237.2618625,
            "max": 3991.799085,
            "p(90)": 632.5687665000002
        },
        "http_req_failed": {
            "passes": 171,
            "fails": 8779,
            "thresholds": {
                "rate<0.01": true
            },
            "value": 0.019106145251396648
        },
        "checks": {
            "passes": 60,
            "fails": 0,
            "value": 1
        },
        "http_req_waiting": {
            "avg": 342.85302837642485,
            "min": 0,
            "med": 237.0394655,
            "max": 3991.662084,
            "p(90)": 632.3543446000002,
            "p(95)": 891.0269313999993
        },
        "http_req_duration{name:search_all}": {
            "avg": 333.40127333899494,
            "min": 0,
            "med": 234.481717,
            "max": 3766.660218,
            "p(90)": 621.0714058000003,
            "p(95)": 858.5345521499997,
            "thresholds": {
                "p(95)<800": true
            }
        },
        "vus_max": {
            "max": 60,
            "value": 60,
            "min": 60
        },
        "http_req_duration{name:search_posts}": {
            "med": 234.256119,
            "max": 3991.799085,
            "p(90)": 589.4085458999999,
            "p(95)": 796.3198803,
            "avg": 329.55499080088885,
            "min": 0,
            "thresholds": {
                "p(95)<800": false
            }
        },
        "data_received": {
            "rate": 15736.286619478089,
            "count": 4453259
        },
        "http_req_tls_handshaking": {
            "avg": 0,
            "min": 0,
            "med": 0,
            "max": 0,
            "p(90)": 0,
            "p(95)": 0
        },
        "http_req_sending": {
            "min": 0,
            "med": 0.0641805,
            "max": 2.066963,
            "p(90)": 0.10560720000000001,
            "p(95)": 0.11991349999999996,
            "avg": 0.07377181094972042
        },
        "data_sent": {
            "count": 3725081,
            "rate": 13163.155858837777
        },
        "http_req_duration{expected_response:true}": {
            "avg": 349.7435386223942,
            "min": 0.104467,
            "med": 242.408037,
            "max": 3991.799085,
            "p(90)": 641.0834983999999,
            "p(95)": 896.7880266000002
        }
    }
}