{
    "metrics": {
        "http_req_receiving": {
            "p(95)": 0.3792348999999962,
            "avg": -0.29288532897344666,
            "min": -4391.793688,
            "med": 0.116409,
            "max": 3.84802,
            "p(90)": 0.18818139999999997
        },
        "http_req_failed": {
            "fails": 8239,
            "passes": 1853,
            "thresholds": {
                "rate<0.005": true
            },
            "value": 0.1836107808164883
        },
        "http_reqs": {
            "count": 10092,
            "rate": 18.282614753987396
        },
        "data_sent": {
            "count": 3865427,
            "rate": 7002.587465384586
        },
        "data_received": {
            "count": 19098144,
            "rate": 34598.098421341245
        },
        "vus": {
            "min": 4,
            "max": 60,
            "value": 4
        },
        "http_req_blocked": {
            "p(95)": 2.0039515999999997,
            "avg": 160.53865442528794,
            "min": 0,
            "med": 1.3136155,
            "max": 19583.817978,
            "p(90)": 1.8292235
        },
        "http_req_connecting": {
            "max": 19583.733326,
            "p(90)": 1.744954,
            "p(95)": 1.9122251499999994,
            "avg": 160.03883326605262,
            "min": -4393.713107,
            "med": 1.252719
        },
        "checks": {
            "passes": 60,
            "fails": 0,
            "value": 1
        },
        "iterations": {
            "count": 5164,
            "rate": 9.355075563772385
        },
        "http_req_sending": {
            "avg": 0.05951402516845019,
            "min": 0,
            "med": 0.054113,
            "max": 1.70775,
            "p(90)": 0.08742449999999997,
            "p(95)": 0.09969474999999996
        },
        "vus_max": {
            "value": 60,
            "min": 60,
            "max": 60
        },
        "iteration_duration": {
            "min": 2043.734017,
            "med": 4891.563892,
            "max": 66920.9822,
            "p(90)": 7070.8064552,
            "p(95)": 33244.3977468,
            "avg": 6998.832654847396
        },
        "http_req_waiting": {
            "max": 3410.810181,
            "p(90)": 100.48298199999999,
            "p(95)": 130.59861714999994,
            "avg": 63.51444197641703,
            "min": 0,
            "med": 35.5642765
        },
        "http_req_duration{expected_response:true}": {
            "med": 36.539523,
            "max": 3411.155105,
            "p(90)": 104.4313908,
            "p(95)": 136.3337238,
            "avg": 69.6425178201241,
            "min": -4362.087279
        },
        "http_req_duration": {
            "min": -4362.087279,
            "med": 35.740689,
            "max": 3411.155105,
            "p(90)": 100.69636960000001,
            "p(95)": 130.80925919999996,
            "avg": 63.28107067261248,
            "thresholds": {
                "p(95)<500": false,
                "p(99)<2000": false
            }
        },
        "http_req_tls_handshaking": {
            "avg": 0,
            "min": 0,
            "med": 0,
            "max": 0,
            "p(90)": 0,
            "p(95)": 0
        }
    },
    "root_group": {
        "path": "",
        "id": "d41d8cd98f00b204e9800998ecf8427e",
        "groups": {},
        "checks": {
                "login 200": {
                    "passes": 60,
                    "fails": 0,
                    "name": "login 200",
                    "path": "::login 200",
                    "id": "48b06dc5cde7f6ebb606ad7da726a2a5"
                }
            },
        "name": ""
    }
}