{
    "metrics": {
        "http_reqs": {
            "count": 9727,
            "rate": 17.07706516390937
        },
        "data_sent": {
            "rate": 6533.539062849626,
            "count": 3721467
        },
        "vus": {
            "max": 60,
            "value": 3,
            "min": 3
        },
        "vus_max": {
            "min": 60,
            "max": 60,
            "value": 60
        },
        "http_req_receiving": {
            "avg": 0.14270963493368943,
            "min": 0,
            "med": 0.117396,
            "max": 2.879231,
            "p(90)": 0.19096179999999993,
            "p(95)": 0.40998189999999846
        },
        "http_req_blocked": {
            "p(95)": 2.012098199999999,
            "avg": 187.11235978122792,
            "min": 0,
            "med": 1.315497,
            "max": 19591.292288,
            "p(90)": 1.8377607999999999
        },
        "http_req_duration{expected_response:true}": {
            "med": 36.461059,
            "max": 3786.166443,
            "p(90)": 108.11007180000006,
            "p(95)": 142.2246970000002,
            "avg": 71.89433686625982,
            "min": 0.12889
        },
        "http_req_failed": {
            "passes": 388,
            "fails": 9339,
            "thresholds": {
                "rate<0.005": true
            },
            "value": 0.03988896884959391
        },
        "http_req_duration": {
            "max": 3786.166443,
            "p(90)": 106.28646699999999,
            "p(95)": 140.29791939999998,
            "avg": 69.02654590253937,
            "min": 0,
            "med": 35.41778,
            "thresholds": {
                "p(95)<500": false,
                "p(99)<2000": false
            }
        },
        "checks": {
            "fails": 0,
            "passes": 60,
            "value": 1
        },
        "data_received": {
            "count": 19573173,
            "rate": 34363.35466078662
        },
        "http_req_tls_handshaking": {
            "max": 0,
            "p(90)": 0,
            "p(95)": 0,
            "avg": 0,
            "min": 0,
            "med": 0
        },
        "http_req_sending": {
            "min": 0,
            "med": 0.054201,
            "max": 21.535095,
            "p(90)": 0.08824019999999998,
            "p(95)": 0.10067009999999997,
            "avg": 0.15091518998663478
        },
        "iteration_duration": {
            "avg": 7361.512477927302,
            "min": 2046.097391,
            "med": 4931.6212595,
            "max": 65554.382453,
            "p(90)": 8768.6746928,
            "p(95)": 33705.04852795
        },
        "http_req_connecting": {
            "p(90)": 1.7493638,
            "p(95)": 1.9187537999999986,
            "avg": 187.04604741544145,
            "min": 0,
            "med": 1.253163,
            "max": 19591.251763
        },
        "http_req_waiting": {
            "med": 35.228042,
            "max": 3785.971835,
            "p(90)": 106.06937739999996,
            "p(95)": 140.1064303,
            "avg": 68.73292107761894,
            "min": 0
        },
        "iterations": {
            "count": 4978,
            "rate": 8.739552830877027
        }
    },
    "root_group": {
        "groups": {},
        "checks": {
                "login 200": {
                    "path": "::login 200",
                    "id": "48b06dc5cde7f6ebb606ad7da726a2a5",
                    "passes": 60,
                    "fails": 0,
                    "name": "login 200"
                }
            },
        "name": "",
        "path": "",
        "id": "d41d8cd98f00b204e9800998ecf8427e"
    }
}