{
    "root_group": {
        "path": "",
        "id": "d41d8cd98f00b204e9800998ecf8427e",
        "groups": {},
        "checks": {
                "login 200": {
                    "fails": 0,
                    "name": "login 200",
                    "path": "::login 200",
                    "id": "48b06dc5cde7f6ebb606ad7da726a2a5",
                    "passes": 60
                }
            },
        "name": ""
    },
    "metrics": {
        "http_req_connecting": {
            "avg": 50.971456200916585,
            "min": -1474.07435,
            "med": 1.507951,
            "max": 19551.120383,
            "p(90)": 2.238660800000001,
            "p(95)": 3.1149595
        },
        "http_req_blocked": {
            "max": 19551.194652,
            "p(90)": 2.3576846000000007,
            "p(95)": 3.2901580999999998,
            "avg": 51.23128029293271,
            "min": 0,
            "med": 1.5881180000000001
        },
        "data_sent": {
            "rate": 11396.104470715909,
            "count": 3418624
        },
        "http_reqs": {
            "rate": 27.64167637949547,
            "count": 8292
        },
        "http_req_failed": {
            "passes": 234,
            "fails": 8058,
            "thresholds": {
                "rate<0.01": true
            },
            "value": 0.028219971056439943
        },
        "vus_max": {
            "value": 60,
            "min": 60,
            "max": 60
        },
        "http_req_waiting": {
            "avg": 339.71846684889147,
            "min": 0,
            "med": 214.1172695,
            "max": 4308.876833,
            "p(90)": 590.5301092,
            "p(95)": 790.7369296499999
        },
        "iteration_duration": {
            "avg": 2242.126563383305,
            "min": 607.111948,
            "med": 1307.058091,
            "max": 31499.968401,
            "p(90)": 1858.209468,
            "p(95)": 2399.9071435
        },
        "vus": {
            "max": 60,
            "value": 2,
            "min": 2
        },
        "http_req_sending": {
            "avg": 0.07504431801736663,
            "min": 0,
            "med": 0.06332650000000001,
            "max": 2.770705,
            "p(90)": 0.1057607,
            "p(95)": 0.12231265
        },
        "http_req_duration{name:search_posts}": {
            "avg": 312.9742653194865,
            "min": 0,
            "med": 209.509533,
            "max": 2923.879289,
            "p(90)": 583.5426622000001,
            "p(95)": 753.5335147999995,
            "thresholds": {
                "p(95)<800": false
            }
        },
        "checks": {
            "passes": 60,
            "fails": 0,
            "value": 1
        },
        "iterations": {
            "rate": 27.43833071389619,
            "count": 8231
        },
        "data_received": {
            "count": 4150559,
            "rate": 13836.035778099655
        },
        "http_req_duration{name:search_worklogs}": {
            "p(90)": 577.954594,
            "p(95)": 733.1062615,
            "avg": 312.91057914492717,
            "min": 0,
            "med": 210.60178100000002,
            "max": 3034.635872,
            "thresholds": {
                "p(95)<800": false
            }
        },
        "http_req_tls_handshaking": {
            "avg": 0,
            "min": 0,
            "med": 0,
            "max": 0,
            "p(90)": 0,
            "p(95)": 0
        },
        "http_req_duration{name:search_all}": {
            "avg": 311.1320800224746,
            "min": 0,
            "med": 215.083642,
            "max": 3018.993215,
            "p(90)": 572.2842876,
            "p(95)": 734.1052263999998,
            "thresholds": {
                "p(95)<800": false
            }
        },
        "http_req_duration{expected_response:true}": {
            "avg": 349.7946829534634,
            "min": 0.085677,
            "med": 220.6597745,
            "max": 4309.112121,
            "p(90)": 596.5019209000002,
            "p(95)": 804.1337647500001
        },
        "http_req_duration": {
            "avg": 339.92348712482004,
            "min": 0,
            "med": 214.3303555,
            "max": 4309.112121,
            "p(90)": 590.7614882,
            "p(95)": 790.9333095999998
        },
        "http_req_receiving": {
            "max": 2.527142,
            "p(90)": 0.18261380000000002,
            "p(95)": 0.20625684999999996,
            "avg": 0.12997595791123936,
            "min": 0,
            "med": 0.12351699999999999
        }
    }
}