{
    "root_group": {
        "path": "",
        "id": "d41d8cd98f00b204e9800998ecf8427e",
        "groups": {
            "home": {
                "groups": {},
                "checks": {},
                "name": "home",
                "path": "::home",
                "id": "f55eb66156c7d05104505c362878691e"
            }
        },
        "checks": {
            "login 200": {
                "passes": 831,
                "fails": 2,
                "name": "login 200",
                "path": "::login 200",
                "id": "48b06dc5cde7f6ebb606ad7da726a2a5"
            }
        },
        "name": ""
    },
    "metrics": {
        "vus_max": {
            "value": 90,
            "min": 90,
            "max": 90
        },
        "data_sent": {
            "count": 1827086,
            "rate": 16748.834813813173
        },
        "data_received": {
            "count": 1983316,
            "rate": 18180.989875458894
        },
        "http_req_duration{expected_response:true}": {
            "med": 844.818954,
            "max": 4196.401041,
            "p(90)": 1569.8415090000003,
            "p(95)": 1937.4826820000008,
            "avg": 883.4024544083259,
            "min": 0.057607
        },
        "iterations": {
            "rate": 7.590247654372759,
            "count": 828
        },
        "group_duration": {
            "p(95)": 32168.1793516,
            "avg": 6322.223923725512,
            "min": 124.569801,
            "med": 4481.731346,
            "max": 50570.732834,
            "p(90)": 7272.138858799999
        },
        "http_req_duration{name:login}": {
            "max": 4196.401041,
            "p(90)": 1998.4661110000002,
            "p(95)": 2410.9879633999994,
            "avg": 1190.843299489796,
            "min": 0,
            "med": 1185.805759,
            "thresholds": {
                "p(95)<800": true
            }
        },
        "http_req_tls_handshaking": {
            "avg": 0,
            "min": 0,
            "med": 0,
            "max": 0,
            "p(90)": 0,
            "p(95)": 0
        },
        "iteration_duration": {
            "avg": 8647.983822977061,
            "min": 1208.37999,
            "med": 6850.2646145,
            "max": 52929.425168,
            "p(90)": 9942.7212772,
            "p(95)": 34451.12811845
        },
        "http_req_blocked": {
            "med": 1.386698,
            "max": 16793.126936,
            "p(90)": 2.3745738,
            "p(95)": 3.0779344999999996,
            "avg": 44.44419438401281,
            "min": 0
        },
        "http_req_receiving": {
            "p(90)": 0.1534692,
            "p(95)": 0.17845319999999992,
            "avg": 0.10803965615585484,
            "min": 0,
            "med": 0.106389,
            "max": 0.769765
        },
        "http_req_sending": {
            "avg": 0.05395577224342243,
            "min": 0,
            "med": 0.05068,
            "max": 0.451337,
            "p(90)": 0.08386479999999999,
            "p(95)": 0.09767189999999998
        },
        "vus": {
            "min": 2,
            "max": 90,
            "value": 5
        },
        "http_req_connecting": {
            "avg": 44.39000267824882,
            "min": 0,
            "med": 1.332816,
            "max": 16793.009816,
            "p(90)": 2.3170759999999992,
            "p(95)": 3.0295563999999997
        },
        "http_req_duration{name:home}": {
            "p(95)": 1797.96010625,
            "avg": 810.1265362966709,
            "min": 0,
            "med": 776.4831025,
            "max": 3409.623802,
            "p(90)": 1441.8974285,
            "thresholds": {
                "p(95)<500": true
            }
        },
        "http_req_duration": {
            "avg": 873.8214677567795,
            "min": 0,
            "med": 838.770081,
            "max": 4196.401041,
            "p(90)": 1566.9477132,
            "p(95)": 1927.6565813999987
        },
        "http_req_failed": {
            "passes": 54,
            "fails": 4925,
            "thresholds": {
                "rate<0.005": true
            },
            "value": 0.010845551315525205
        },
        "http_req_waiting": {
            "avg": 873.6594723283818,
            "min": 0,
            "med": 838.593161,
            "max": 4196.194535,
            "p(90)": 1566.8083228,
            "p(95)": 1927.5299145999986
        },
        "http_reqs": {
            "rate": 45.642322549664215,
            "count": 4979
        },
        "checks": {
            "passes": 831,
            "fails": 2,
            "value": 0.9975990396158463
        }
    }
}