{
    "metrics": {
        "http_req_receiving": {
            "p(90)": 0.18205600000000008,
            "p(95)": 0.21107860000000003,
            "avg": 0.12883602701534452,
            "min": 0,
            "med": 0.12106049999999999,
            "max": 3.818453
        },
        "http_req_duration": {
            "med": 315.093983,
            "max": 3926.975545,
            "p(90)": 679.6872840999999,
            "p(95)": 931.0734485000002,
            "avg": 392.91678475664514,
            "min": 0
        },
        "http_req_duration{name:search_posts}": {
            "p(90)": 658.9790376,
            "p(95)": 894.5588790999998,
            "avg": 376.292551796629,
            "min": 0,
            "med": 309.881255,
            "max": 3680.189626,
            "thresholds": {
                "p(95)<800": true
            }
        },
        "http_req_failed": {
            "passes": 156,
            "fails": 9098,
            "thresholds": {
                "rate<0.01": true
            },
            "value": 0.01685757510265831
        },
        "iteration_duration": {
            "avg": 1964.230565890257,
            "min": 611.676648,
            "med": 1384.1587694999998,
            "max": 31500.782607,
            "p(90)": 1908.0855107,
            "p(95)": 2210.5674143
        },
        "http_req_duration{name:search_worklogs}": {
            "avg": 384.91701394136703,
            "min": 0,
            "med": 304.397071,
            "max": 3648.445568,
            "p(90)": 681.5339002,
            "p(95)": 935.0299472999998,
            "thresholds": {
                "p(95)<800": true
            }
        },
        "http_req_duration{name:search_all}": {
            "avg": 383.78993222925783,
            "min": 0,
            "med": 319.14306250000004,
            "max": 3926.975545,
            "p(90)": 657.9001020000001,
            "p(95)": 877.23699525,
            "thresholds": {
                "p(95)<800": true
            }
        },
        "http_reqs": {
            "count": 9254,
            "rate": 32.45240406544615
        },
        "http_req_blocked": {
            "max": 19566.444733,
            "p(90)": 2.5378730000000025,
            "p(95)": 3.7124804000000027,
            "avg": 54.944890600389,
            "min": 0,
            "med": 1.6111905000000002
        },
        "checks": {
            "passes": 60,
            "fails": 0,
            "value": 1
        },
        "data_received": {
            "count": 4664106,
            "rate": 16356.327265622627
        },
        "http_req_sending": {
            "avg": 0.07307419451048178,
            "min": 0,
            "med": 0.06282499999999999,
            "max": 2.628394,
            "p(90)": 0.10473700000000001,
            "p(95)": 0.12053940000000002
        },
        "http_req_duration{expected_response:true}": {
            "max": 3926.975545,
            "p(90)": 685.8109432000002,
            "p(95)": 941.2744656,
            "avg": 399.6539817693992,
            "min": 0.087991,
            "med": 322.0189945
        },
        "http_req_waiting": {
            "p(95)": 930.8324254000001,
            "avg": 392.7148745351215,
            "min": 0,
            "med": 314.8308925,
            "max": 3926.795353,
            "p(90)": 679.4811357000001
        },
        "iterations": {
            "count": 9194,
            "rate": 32.241992973601896
        },
        "http_req_tls_handshaking": {
            "min": 0,
            "med": 0,
            "max": 0,
            "p(90)": 0,
            "p(95)": 0,
            "avg": 0
        },
        "vus_max": {
            "value": 60,
            "min": 60,
            "max": 60
        },
        "http_req_connecting": {
            "avg": 54.86324278398536,
            "min": 0,
            "med": 1.5297925,
            "max": 19566.378827,
            "p(90)": 2.4365921999999998,
            "p(95)": 3.5999798500000004
        },
        "data_sent": {
            "count": 3861339,
            "rate": 13541.14258284696
        },
        "vus": {
            "value": 1,
            "min": 1,
            "max": 60
        }
    },
    "root_group": {
        "name": "",
        "path": "",
        "id": "d41d8cd98f00b204e9800998ecf8427e",
        "groups": {},
        "checks": {
                "login 200": {
                    "path": "::login 200",
                    "id": "48b06dc5cde7f6ebb606ad7da726a2a5",
                    "passes": 60,
                    "fails": 0,
                    "name": "login 200"
                }
            }
    }
}