{
    "metrics": {
        "vus": {
            "value": 17,
            "min": 17,
            "max": 90
        },
        "http_req_duration{expected_response:true}": {
            "avg": 117.275906418095,
            "min": -4427.516449,
            "med": 41.468205,
            "max": 6384.551542,
            "p(90)": 133.9017456,
            "p(95)": 181.7373639
        },
        "http_req_sending": {
            "avg": 0.059842419688758995,
            "min": 0,
            "med": 0.052551,
            "max": 3.907373,
            "p(90)": 0.08632770000000001,
            "p(95)": 0.10001014999999998
        },
        "data_received": {
            "count": 29153085,
            "rate": 50904.928143464924
        },
        "http_req_failed": {
            "passes": 567,
            "fails": 13827,
            "thresholds": {
                "rate<0.005": true
            },
            "value": 0.03939141308878699
        },
        "http_req_connecting": {
            "avg": 232.89226868097916,
            "min": -4459.6844,
            "med": 1.227049,
            "max": 21300.048376,
            "p(90)": 1.7523848,
            "p(95)": 2.129223099999999
        },
        "http_req_duration": {
            "avg": 112.6562427430179,
            "min": -4427.516449,
            "med": 40.120174500000005,
            "max": 6384.551542,
            "p(90)": 131.4680416,
            "p(95)": 178.80368214999996,
            "thresholds": {
                "p(99)<2000": false,
                "p(95)<500": false
            }
        },
        "vus_max": {
            "max": 90,
            "value": 90,
            "min": 90
        },
        "http_reqs": {
            "count": 14394,
            "rate": 25.133722063961123
        },
        "http_req_tls_handshaking": {
            "avg": 0,
            "min": 0,
            "med": 0,
            "max": 0,
            "p(90)": 0,
            "p(95)": 0
        },
        "http_req_receiving": {
            "min": -4459.038619,
            "med": 0.114287,
            "max": 2.699572,
            "p(90)": 0.18876550000000009,
            "p(95)": 0.38521249999999907,
            "avg": -0.1697698516048358
        },
        "checks": {
            "passes": 90,
            "fails": 0,
            "value": 1
        },
        "http_req_blocked": {
            "max": 21300.104814,
            "p(90)": 1.8374961,
            "p(95)": 2.2290554499999944,
            "avg": 233.88773383131817,
            "min": 0,
            "med": 1.2881075
        },
        "http_req_waiting": {
            "min": 0,
            "med": 39.898946499999994,
            "max": 6384.444287,
            "p(90)": 131.3236332,
            "p(95)": 178.52035734999976,
            "avg": 112.76617017493376
        },
        "iterations": {
            "count": 7301,
            "rate": 12.748458023411155
        },
        "data_sent": {
            "count": 5509519,
            "rate": 9620.308409900863
        },
        "iteration_duration": {
            "p(95)": 33772.793019,
            "avg": 7447.951644621861,
            "min": 2033.162002,
            "med": 4934.008033,
            "max": 66623.78041,
            "p(90)": 13894.677243
        }
    },
    "root_group": {
        "groups": {},
        "checks": {
                "login 200": {
                    "name": "login 200",
                    "path": "::login 200",
                    "id": "48b06dc5cde7f6ebb606ad7da726a2a5",
                    "passes": 90,
                    "fails": 0
                }
            },
        "name": "",
        "path": "",
        "id": "d41d8cd98f00b204e9800998ecf8427e"
    }
}