{
    "metrics": {
        "data_received": {
            "count": 16063634,
            "rate": 28602.395101394508
        },
        "http_req_duration": {
            "min": 0,
            "med": 37.483752,
            "max": 6442.938192,
            "p(90)": 125.97800460000005,
            "p(95)": 169.84430369999998,
            "avg": 102.09809779437279,
            "thresholds": {
                "p(95)<500": false,
                "p(99)<2000": false
            }
        },
        "http_req_waiting": {
            "max": 6442.799024,
            "p(90)": 125.80247040000003,
            "p(95)": 169.59601839999974,
            "avg": 101.92362396107556,
            "min": 0,
            "med": 37.312589
        },
        "vus_max": {
            "value": 90,
            "min": 90,
            "max": 90
        },
        "data_sent": {
            "count": 5220497,
            "rate": 9295.45069438489
        },
        "http_req_receiving": {
            "med": 0.112546,
            "max": 2.659743,
            "p(90)": 0.1677658,
            "p(95)": 0.18771999999999983,
            "avg": 0.11685572250164034,
            "min": 0
        },
        "iteration_duration": {
            "p(95)": 34444.861382,
            "avg": 7795.759077221541,
            "min": 2041.532064,
            "med": 5023.407575,
            "max": 66711.382921,
            "p(90)": 21757.492720600007
        },
        "http_req_tls_handshaking": {
            "min": 0,
            "med": 0,
            "max": 0,
            "p(90)": 0,
            "p(95)": 0,
            "avg": 0
        },
        "checks": {
            "passes": 90,
            "fails": 0,
            "value": 1
        },
        "http_reqs": {
            "count": 13719,
            "rate": 24.42761447353888
        },
        "http_req_sending": {
            "p(90)": 0.08639840000000001,
            "p(95)": 0.099288,
            "avg": 0.057618110795247535,
            "min": 0,
            "med": 0.053121,
            "max": 1.594527
        },
        "iterations": {
            "count": 6997,
            "rate": 12.458635357631865
        },
        "http_req_failed": {
            "passes": 4630,
            "fails": 9089,
            "thresholds": {
                "rate<0.005": true
            },
            "value": 0.33748815511334646
        },
        "http_req_blocked": {
            "p(90)": 1.82507,
            "p(95)": 2.1003506,
            "avg": 177.80250263364692,
            "min": 0,
            "med": 1.288876,
            "max": 21098.469796
        },
        "http_req_connecting": {
            "med": 1.22788,
            "max": 21098.381022,
            "p(90)": 1.7391736000000002,
            "p(95)": 2.009446599999999,
            "avg": 177.42244798330768,
            "min": -4335.210674
        },
        "http_req_duration{expected_response:true}": {
            "min": 0.11486,
            "med": 43.400608,
            "max": 6442.938192,
            "p(90)": 140.6527024,
            "p(95)": 198.28751060000002,
            "avg": 130.036241005611
        },
        "vus": {
            "value": 1,
            "min": 1,
            "max": 90
        }
    },
    "root_group": {
        "groups": {},
        "checks": {
                "login 200": {
                    "id": "48b06dc5cde7f6ebb606ad7da726a2a5",
                    "passes": 90,
                    "fails": 0,
                    "name": "login 200",
                    "path": "::login 200"
                }
            },
        "name": "",
        "path": "",
        "id": "d41d8cd98f00b204e9800998ecf8427e"
    }
}