{
    "root_group": {
        "name": "",
        "path": "",
        "id": "d41d8cd98f00b204e9800998ecf8427e",
        "groups": {
            "home": {
                "checks": {},
                "name": "home",
                "path": "::home",
                "id": "f55eb66156c7d05104505c362878691e",
                "groups": {}
            }
        },
        "checks": {
            "login 200": {
                "name": "login 200",
                "path": "::login 200",
                "id": "48b06dc5cde7f6ebb606ad7da726a2a5",
                "passes": 628,
                "fails": 21
            }
        }
    },
    "metrics": {
        "http_req_waiting": {
            "max": 2003.436719,
            "p(90)": 702.4400773000001,
            "p(95)": 844.4368393999999,
            "avg": 333.09842944952453,
            "min": 0,
            "med": 286.21852
        },
        "http_req_duration{name:home}": {
            "avg": 301.41508731355736,
            "min": 0,
            "med": 258.761065,
            "max": 1967.771282,
            "p(90)": 651.0070038,
            "p(95)": 767.8738386999995,
            "thresholds": {
                "p(95)<500": true
            }
        },
        "http_req_sending": {
            "p(95)": 0.09427685,
            "avg": 0.05485973599365756,
            "min": 0,
            "med": 0.051898,
            "max": 0.627253,
            "p(90)": 0.08075840000000001
        },
        "vus_max": {
            "value": 60,
            "min": 60,
            "max": 60
        },
        "vus": {
            "min": 1,
            "max": 60,
            "value": 6
        },
        "http_req_blocked": {
            "p(95)": 2.2894837,
            "avg": 1.452948980708244,
            "min": 0,
            "med": 1.3347015,
            "max": 18.709173,
            "p(90)": 1.9812089000000002
        },
        "data_received": {
            "count": 1485503,
            "rate": 13617.561633144862
        },
        "data_sent": {
            "count": 1361805,
            "rate": 12483.625761661093
        },
        "http_req_failed": {
            "passes": 109,
            "fails": 3675,
            "thresholds": {
                "rate<0.005": true
            },
            "value": 0.028805496828752643
        },
        "http_reqs": {
            "rate": 34.68781498241347,
            "count": 3784
        },
        "iteration_duration": {
            "max": 63571.426872,
            "p(90)": 31722.188576400007,
            "p(95)": 32727.7797308,
            "avg": 7835.3445234432365,
            "min": 1200.353082,
            "med": 3150.183566
        },
        "iterations": {
            "rate": 5.894361795373113,
            "count": 643
        },
        "http_req_duration": {
            "med": 286.3821325,
            "max": 2003.600546,
            "p(90)": 702.6533350000002,
            "p(95)": 844.6219742499999,
            "avg": 333.2634831202436,
            "min": 0
        },
        "http_req_duration{name:login}": {
            "max": 2003.600546,
            "p(90)": 925.6791962000003,
            "p(95)": 1087.0749924000004,
            "avg": 487.10742896610236,
            "min": 0,
            "med": 471.083425,
            "thresholds": {
                "p(95)<800": true
            }
        },
        "http_req_duration{expected_response:true}": {
            "p(90)": 715.3477064,
            "p(95)": 848.2002711,
            "avg": 343.14803268761955,
            "min": 0.097271,
            "med": 296.006171,
            "max": 2003.600546
        },
        "http_req_receiving": {
            "min": 0,
            "med": 0.1090225,
            "max": 0.476648,
            "p(90)": 0.15913970000000005,
            "p(95)": 0.18223969999999998,
            "avg": 0.11019393472515883
        },
        "group_duration": {
            "max": 62230.541953,
            "p(90)": 30470.642959,
            "p(95)": 31373.231300899995,
            "avg": 5738.124217492824,
            "min": 121.193827,
            "med": 1551.786546
        },
        "http_req_connecting": {
            "avg": 1.395904975422835,
            "min": 0,
            "med": 1.277136,
            "max": 18.627453,
            "p(90)": 1.9125175,
            "p(95)": 2.241150349999999
        },
        "http_req_tls_handshaking": {
            "p(95)": 0,
            "avg": 0,
            "min": 0,
            "med": 0,
            "max": 0,
            "p(90)": 0
        },
        "checks": {
            "passes": 628,
            "fails": 21,
            "value": 0.9676425269645609
        }
    }
}