{
    "root_group": {
        "path": "",
        "id": "d41d8cd98f00b204e9800998ecf8427e",
        "groups": {},
        "checks": {
                "login 200": {
                    "name": "login 200",
                    "path": "::login 200",
                    "id": "48b06dc5cde7f6ebb606ad7da726a2a5",
                    "passes": 60,
                    "fails": 0
                }
            },
        "name": ""
    },
    "metrics": {
        "data_received": {
            "count": 10824543,
            "rate": 19114.834553194178
        },
        "http_req_waiting": {
            "avg": 88.65433146578312,
            "min": 0,
            "med": 30.2835365,
            "max": 5673.651297,
            "p(90)": 102.6940115,
            "p(95)": 142.5381665
        },
        "http_reqs": {
            "count": 9206,
            "rate": 16.256683251820018
        },
        "iterations": {
            "count": 4714,
            "rate": 8.324354209111402
        },
        "vus_max": {
            "value": 60,
            "min": 60,
            "max": 60
        },
        "http_req_sending": {
            "max": 29.37572,
            "p(90)": 0.0905465,
            "p(95)": 0.1026125,
            "avg": 0.06728258646534853,
            "min": 0,
            "med": 0.0554025
        },
        "http_req_duration{expected_response:true}": {
            "avg": 113.18688823838357,
            "min": 0.151936,
            "med": 36.757616999999996,
            "max": 5673.806065,
            "p(90)": 119.18783610000003,
            "p(95)": 158.07002754999993
        },
        "http_req_duration": {
            "avg": 88.84159498294628,
            "min": 0,
            "med": 30.4874535,
            "max": 5673.806065,
            "p(90)": 102.883062,
            "p(95)": 142.7531995,
            "thresholds": {
                "p(99)<2000": false,
                "p(95)<500": false
            }
        },
        "vus": {
            "value": 2,
            "min": 2,
            "max": 60
        },
        "http_req_blocked": {
            "med": 1.33115,
            "max": 19577.754795,
            "p(90)": 1.8681145,
            "p(95)": 2.08215525,
            "avg": 195.7180138403216,
            "min": 0
        },
        "iteration_duration": {
            "med": 4962.055552,
            "max": 66644.698108,
            "p(90)": 16272.837620099952,
            "p(95)": 34218.091809649995,
            "avg": 7708.2197671593185,
            "min": 2039.793685
        },
        "checks": {
            "passes": 60,
            "fails": 0,
            "value": 1
        },
        "data_sent": {
            "count": 3508447,
            "rate": 6195.493328785377
        },
        "http_req_receiving": {
            "avg": 0.11998093069737119,
            "min": 0,
            "med": 0.116007,
            "max": 1.001356,
            "p(90)": 0.1714095,
            "p(95)": 0.1916795
        },
        "http_req_failed": {
            "passes": 3094,
            "fails": 6112,
            "thresholds": {
                "rate<0.005": true
            },
            "value": 0.33608516185096676
        },
        "http_req_tls_handshaking": {
            "p(95)": 0,
            "avg": 0,
            "min": 0,
            "med": 0,
            "max": 0,
            "p(90)": 0
        },
        "http_req_connecting": {
            "avg": 195.1887160166196,
            "min": -4256.538048,
            "med": 1.2693275,
            "max": 19577.677858,
            "p(90)": 1.7802495,
            "p(95)": 1.98277475
        }
    }
}