{
    "root_group": {
        "id": "d41d8cd98f00b204e9800998ecf8427e",
        "groups": {},
        "checks": {
                "login 200": {
                    "name": "login 200",
                    "path": "::login 200",
                    "id": "48b06dc5cde7f6ebb606ad7da726a2a5",
                    "passes": 60,
                    "fails": 0
                }
            },
        "name": "",
        "path": ""
    },
    "metrics": {
        "http_req_waiting": {
            "p(90)": 437.1499744,
            "p(95)": 523.4582338999996,
            "avg": 208.47657859050213,
            "min": 0,
            "med": 114.734415,
            "max": 3603.975468
        },
        "http_req_duration{name:search_all}": {
            "p(90)": 430.8524562,
            "p(95)": 508.28589960000005,
            "avg": 196.67005357805778,
            "min": 0,
            "med": 114.05391,
            "max": 3604.171371,
            "thresholds": {
                "p(95)<800": false
            }
        },
        "http_req_tls_handshaking": {
            "avg": 0,
            "min": 0,
            "med": 0,
            "max": 0,
            "p(90)": 0,
            "p(95)": 0
        },
        "http_req_blocked": {
            "avg": 268.8925635666888,
            "min": 0,
            "med": 1.73731,
            "max": 19589.706399,
            "p(90)": 3.5473664000000014,
            "p(95)": 6.508030399999992
        },
        "http_req_connecting": {
            "max": 19589.614066,
            "p(90)": 3.436338200000001,
            "p(95)": 6.281306699999979,
            "avg": 268.8071815218729,
            "min": 0,
            "med": 1.660455
        },
        "vus_max": {
            "value": 60,
            "min": 60,
            "max": 60
        },
        "iterations": {
            "count": 7415,
            "rate": 24.036051772401883
        },
        "checks": {
            "passes": 60,
            "fails": 0,
            "value": 1
        },
        "data_received": {
            "count": 3784471,
            "rate": 12267.530800695014
        },
        "http_req_receiving": {
            "min": 0,
            "med": 0.13035,
            "max": 6.803229,
            "p(90)": 0.1896016,
            "p(95)": 0.22294920000000001,
            "avg": 0.14327694903010021
        },
        "http_req_sending": {
            "max": 7.757897,
            "p(90)": 0.08748120000000001,
            "p(95)": 0.11322119999999997,
            "avg": 0.06944599237458196,
            "min": 0,
            "med": 0.059979
        },
        "http_req_duration": {
            "max": 3604.171371,
            "p(90)": 437.32825660000003,
            "p(95)": 523.6427447999997,
            "avg": 208.68930153190573,
            "min": 0,
            "med": 114.927204
        },
        "http_req_failed": {
            "passes": 237,
            "fails": 7238,
            "thresholds": {
                "rate<0.01": true
            },
            "value": 0.0317056856187291
        },
        "http_req_duration{expected_response:true}": {
            "med": 118.162227,
            "max": 3604.171371,
            "p(90)": 441.6847965,
            "p(95)": 527.3811371999999,
            "avg": 215.52259311287582,
            "min": 0.12218
        },
        "http_req_duration{name:search_posts}": {
            "p(90)": 417.26040180000007,
            "p(95)": 502.24261275,
            "avg": 200.62506455350095,
            "min": 0,
            "med": 114.2976045,
            "max": 3315.93065,
            "thresholds": {
                "p(95)<800": false
            }
        },
        "http_reqs": {
            "count": 7475,
            "rate": 24.230544436777354
        },
        "iteration_duration": {
            "p(90)": 1718.0777988,
            "p(95)": 5327.071214899976,
            "avg": 2455.305224717049,
            "min": 585.413402,
            "med": 1224.267205,
            "max": 31494.318295
        },
        "vus": {
            "max": 60,
            "value": 5,
            "min": 5
        },
        "data_sent": {
            "count": 3069476,
            "rate": 9949.84275794269
        },
        "http_req_duration{name:search_worklogs}": {
            "p(95)": 502.18233275,
            "avg": 193.3018420609434,
            "min": 0,
            "med": 114.48872650000001,
            "max": 3417.782296,
            "p(90)": 426.110278,
            "thresholds": {
                "p(95)<800": false
            }
        }
    }
}